{"mProject": {"runtime": {"min": 0, "max": 1263.481, "distribution": {"name": "trapz", "params": [1.0, 1.0, -0.10500000000000001, 1.2]}}, "input": {".hdr": {"distribution": {"name": "trapz", "params": [0.9999999999999999, 1.0, -0.10500000000000001, 1.1999999999999997]}, "min": 277, "max": 279}, ".fits": {"distribution": {"name": "trapz", "params": [1.0, 1.0, -0.10500000000000001, 1.2]}, "min": 0, "max": 9655399}}, "output": {".fits": {"distribution": {"name": "argus", "params": [3.092857950127726e-05, -0.7652614189271537, 1.765716752508181]}, "min": 0, "max": 55002240}}}, "mDiffFit": {"runtime": {"min": 0.003, "max": 46.525, "distribution": {"name": "rdist", "params": [1.750426650564894, 0.9999999999999998, 2.3624681987884834e-16]}}, "input": {".fits": {"distribution": {"name": "trapz", "params": [1.0, 1.0, -0.10500000000000001, 1.2]}, "min": 3329280, "max": 55002240}, ".hdr": {"distribution": {"name": "argus", "params": [0.001146418009195455, -0.7650242587952905, 1.765215091688471]}, "min": 277, "max": 279}}, "output": {".txt": {"distribution": {"name": "rdist", "params": [1.750426650564894, 0.9999999999999998, 2.3624681987884834e-16]}, "min": 50, "max": 302}}}, "mConcatFit": {"runtime": {"min": 0.163, "max": 12.386, "distribution": {"name": "beta", "params": [0.05056977249000786, 0.12361573670728634, -0.09952333240693918, 1.0995233324069393]}}, "input": {".txt": {"distribution": {"name": "rdist", "params": [1.750426650564894, 0.9999999999999998, 2.3624681987884834e-16]}, "min": 50, "max": 302}, ".tbl": {"distribution": {"name": "beta", "params": [0.1293224020768935, 0.2786763199942269, -0.09801622143183658, 1.0980162214318367]}, "min": 1160, "max": 272870}}, "output": {".tbl": {"distribution": {"name": "beta", "params": [0.05971771945405187, 0.1434567909099092, -0.09952333240693918, 1.0995233324069393]}, "min": 1457, "max": 430977}}}, "mBgModel": {"runtime": {"min": 0.563, "max": 110.529, "distribution": {"name": "beta", "params": [0.05056977249000786, 0.12361573670728634, -0.09952333240693918, 1.0995233324069393]}}, "input": {".tbl": {"distribution": {"name": "rdist", "params": [1.7504259613885083, 1.0, 1.1214132576434658e-22]}, "min": 1457, "max": 430977}}, "output": {".tbl": {"distribution": {"name": "beta", "params": [0.05971771945405187, 0.1434567909099092, -0.09952333240693918, 1.0995233324069393]}, "min": 276, "max": 23706}}}, "mBackground": {"runtime": {"min": 0.187, "max": 114.103, "distribution": {"name": "rdist", "params": [1.750426650564894, 0.9999999999999998, 2.3624681987884834e-16]}}, "input": {".fits": {"distribution": {"name": "rdist", "params": [1.750426650564894, 0.9999999999999998, 2.3624681987884834e-16]}, "min": 3329280, "max": 55002240}, ".tbl": {"distribution": {"name": "argus", "params": [7.594510363870093e-05, -0.7600757999318861, 1.7613375083684861]}, "min": 276, "max": 68710}}, "output": {".fits": {"distribution": {"name": "rdist", "params": [1.750426650564894, 0.9999999999999998, 2.3624681987884834e-16]}, "min": 3329280, "max": 55002240}}}, "mImgtbl": {"runtime": {"min": 0.11, "max": 1.762, "distribution": {"name": "beta", "params": [0.05056977249000786, 0.12361573670728634, -0.09952333240693918, 1.0995233324069393]}}, "input": {".fits": {"distribution": {"name": "rdist", "params": [1.750426650564894, 0.9999999999999998, 2.3624681987884834e-16]}, "min": 3329280, "max": 55002240}, ".tbl": {"distribution": {"name": "beta", "params": [0.05971771945405187, 0.1434567909099092, -0.09952333240693918, 1.0995233324069393]}, "min": 940, "max": 68710}}, "output": {".tbl": {"distribution": {"name": "beta", "params": [0.05971771945405187, 0.1434567909099092, -0.09952333240693918, 1.0995233324069393]}, "min": 2594, "max": 188372}}}, "mAdd": {"runtime": {"min": 0.265, "max": 23.162, "distribution": {"name": "arcsine", "params": [-0.11142536390545808, 1.1114253639054583]}}, "input": {".fits": {"distribution": {"name": "rdist", "params": [1.750426650564894, 0.9999999999999998, 2.3624681987884834e-16]}, "min": 3329280, "max": 55002240}, ".hdr": {"distribution": {"name": "trapz", "params": [1.0, 1.0, -0.10500000000000001, 1.2]}, "min": 273, "max": 277}, ".tbl": {"distribution": {"name": "beta", "params": [0.05971771945405187, 0.1434567909099092, -0.09952333240693918, 1.0995233324069393]}, "min": 2594, "max": 188372}}, "output": {".fits": {"distribution": {"name": "gausshyper", "params": [0.4464304353833588, 0.19420642912788566, 3.19046795616224, 0.47214890714180957, -0.08624052898114623, 1.0862405289811465]}, "min": 6482880, "max": 414722880}}}, "mViewer": {"runtime": {"min": 0.352, "max": 68.368, "distribution": {"name": "beta", "params": [0.1207106559938907, 0.3950927664222375, -0.09852350820860441, 1.0985235082086047]}}, "input": {".fits": {"distribution": {"name": "gausshyper", "params": [0.4464304353833588, 0.19420642912788566, 3.19046795616224, 0.47214890714180957, -0.08624052898114623, 1.0862405289811465]}, "min": 6482880, "max": 414722880}}, "output": {".png": {"distribution": {"name": "arcsine", "params": [-0.2258070520586602, 1.2258070520586604]}, "min": 588596, "max": 26219448}, ".jpg": {"distribution": {"name": "dweibull", "params": [0.6923569888482566, 0.04166666666666667, 0.400886091650705]}, "min": 983389, "max": 101394221}}}}