,montage-chameleon-dss-10d-001,montage-chameleon-2mass-025d-001,montage-chameleon-2mass-03d-001,montage-chameleon-dss-125d-001,montage-chameleon-2mass-05d-001,montage-chameleon-dss-15d-001
montage-chameleon-dss-05d-001,0.1441037921089388,0.11435780247341965,0.11855950217319383,0.17235002219877094,0.12509515469262988,0.18925891950467633
montage-chameleon-dss-10d-001,0.0,0.0399245478481051,0.03422020196057034,0.027035452822099435,0.025475398021359296,0.04318355092766859
montage-chameleon-2mass-025d-001,,0.0,0.0007302967433402215,0.060743186792308265,0.00880455268437818,0.07370105881811004
montage-chameleon-2mass-03d-001,,,0.0,0.052945277953771804,0.00662541737331246,0.0734672998692445
montage-chameleon-dss-125d-001,,,,0.0,0.05376835318230522,0.01496330998923695
montage-chameleon-2mass-05d-001,,,,,0.0,0.06467219900037995
montage-chameleon-dss-15d-001,,,,,,0.0
