,montage-chameleon-dss-10d-001,montage-chameleon-2mass-025d-001,montage-chameleon-2mass-03d-001,montage-chameleon-dss-125d-001,montage-chameleon-2mass-05d-001,montage-chameleon-dss-15d-001
montage-chameleon-dss-05d-001,0.1441037921089388,0.11239889447095103,0.11692048580124871,0.17507410414036634,0.12396339901951887,0.189768704628408
montage-chameleon-dss-10d-001,0.0,0.0399245478481051,0.03422020196057034,0.027035452822099435,0.025475398021359296,0.04318355092766859
montage-chameleon-2mass-025d-001,,0.0,0.001460593486680443,0.05802222241509239,0.007134311555716194,0.07580973378045976
montage-chameleon-2mass-03d-001,,,0.0,0.059742670603127636,0.005628077320618432,0.07357749405979613
montage-chameleon-dss-125d-001,,,,0.0,0.05376835318230522,0.01496330998923695
montage-chameleon-2mass-05d-001,,,,,0.0,0.06540156420200363
montage-chameleon-dss-15d-001,,,,,,0.0
